pubchem_id,flavor_id
6322,0
6736,1
6736,2
6736,3
6736,4
6736,5
6736,6
31252,7
31252,8
31252,9
31252,10
31252,11
31252,12
31252,13
31252,14
31252,15
7909,16
7909,17
7909,18
7909,19
7909,20
7909,21
7909,22
7284,23
7284,24
7284,11
7284,25
7284,26
7501,27
7501,28
7501,29
7501,30
7501,31
7501,32
9609,33
9609,34
12180,35
12180,36
12180,37
12180,38
12180,39
12180,30
12180,20
18827,40
18827,41
18827,42
18827,43
18827,44
18827,45
18827,46
18827,22
18635,47
18635,48
18635,49
18635,41
18635,23
18635,43
18635,50
18635,51
18635,52
18635,53
612,54
19602,55
19602,56
19602,48
19602,43
19602,57
19602,20
19602,58
19602,22
11509,37
11509,59
11509,60
11509,30
11509,61
11509,20
6202,62
6202,63
6202,64
454,65
454,66
454,67
454,68
454,69
454,59
454,70
454,71
454,22
957,72
957,73
957,74
957,59
957,75
957,76
957,71
957,46
957,22
12266,77
12266,33
12266,78
12266,75
12266,79
12266,53
12266,80
18554,43
18554,30
18554,72
18554,81
798,72
798,82
798,2
798,3
798,41
798,29
798,83
798,84
798,85
798,4
342,10
342,86
342,12
342,4
342,87
342,15
342,32
12748,48
12748,49
12748,25
12748,88
12748,22
8184,66
8184,89
8184,74
8184,59
8184,90
8184,91
8184,29
8184,92
3776,12
3776,64
3776,23
3776,93
31289,66
31289,94
31289,68
31289,74
31289,69
31289,22
31289,41
31289,59
31289,90
31289,70
31289,95
31289,71
31289,96
31289,97
5311110,98
8094,63
8094,99
8094,100
8094,101
8094,102
9261,103
9261,104
9261,105
9261,106
9261,107
994,54
12232,66
12232,108
12232,34
12232,109
12232,110
12232,111
12232,48
12232,70
12232,29
12232,43
12232,12
12232,20
12232,112
12232,25
12232,80
12232,113
12232,22
998,114
998,85
998,115
998,30
998,116
998,11
998,97
998,22
998,51
998,29
998,64
8027,33
8027,25
8027,30
8027,117
6140,54
6140,64
11747,55
11747,118
11747,119
11747,30
11747,107
11747,50
11747,25
11747,102
5321950,33
5321950,120
5321950,39
5321950,107
5321950,20
5321950,25
5321950,22
996,121
996,32
996,122
996,87
878,123
878,124
878,28
878,125
6274,54
6274,64
8093,126
8093,43
8093,28
8093,127
8093,18
8093,12
8093,64
8093,67
1049,63
1049,109
1049,41
1049,101
1049,128
1049,129
379,99
379,100
379,48
379,59
379,70
379,101
379,42
379,102
402,130
402,131
27457,40
27457,103
27457,77
27457,100
27457,47
27457,132
27457,23
27457,43
27457,51
27457,25
27457,133
1068,123
1068,34
1068,108
1068,111
1068,28
1068,48
1068,134
1068,106
1068,49
1068,135
1068,136
1068,22
12097,119
12097,17
12097,137
12097,138
12097,26
1130,64
7976,139
7976,104
7976,11
7976,51
7976,25
7976,140
7976,22
247,141
16666,142
16666,143
16666,144
16666,145
16666,146
16666,147
644104,148
644104,149
12020,55
12020,107
12020,150
12020,151
12020,22
12020,48
12020,64
12020,20
527,16
527,93
527,152
527,153
527,43
527,11
527,107
527,25
2879,154
2879,3
2879,155
2879,121
2879,156
2879,13
2879,15
2879,87
7895,47
7895,93
7895,37
7895,33
7895,153
7895,38
7895,41
7895,39
7895,30
7895,12
7895,20
6561,157
6561,90
6561,29
6561,107
6561,71
6561,22
11552,158
11552,63
11552,139
11552,33
11552,157
11552,70
11552,71
323,30
323,159
323,22
323,160
323,64
7150,161
7150,162
7150,29
7150,163
7150,164
7150,30
7150,26
7150,165
7150,87
637566,66
637566,74
637566,59
637566,29
637566,30
637566,20
637566,166
439341,54
439341,30
33931,167
33931,119
33931,30
33931,168
6072,64
12587,107
12587,102
5281708,64
240,169
240,26
240,30
240,137
240,19
240,170
240,64
244,171
244,27
244,74
244,29
244,172
244,30
244,169
244,87
244,173
244,97
441484,30
441484,64
1889,64
4788,54
4788,64
6184,174
6184,9
6184,175
6184,176
6184,69
6184,90
6184,70
6184,20
6184,71
6184,22
11128,64
8723,104
8723,111
8723,157
8723,153
8723,20
12756,177
12756,143
12756,178
12756,18
12756,30
338,25
338,0
338,87
11005,70
11005,92
11005,59
11005,177
1183,179
1183,139
1183,30
1183,50
5280511,180
5280511,181
5280511,182
5280511,64
5280511,30
5280511,31
5280511,114
5280511,113
5280511,22
5315892,114
5315892,113
5315892,181
5315892,30
5315892,182
5315892,31
5315892,22
5315892,64
15394,183
15394,184
15394,124
15394,111
15394,185
15394,107
784,64
14286,143
14286,42
14286,70
14286,186
14286,140
14286,133
14286,187
8892,70
8892,63
8892,100
8892,102
853433,188
853433,189
853433,29
853433,30
853433,12
853433,173
853433,113
853433,87
7654,143
7654,74
7654,29
7654,30
7654,85
7654,20
7654,150
702,190
702,33
702,10
702,30
702,170
999,191
999,63
999,59
999,29
999,30
999,85
999,6
999,173
643941,35
643941,70
643941,20
643941,192
643941,148
643941,127
643941,22
637511,17
637511,117
637511,193
637511,194
637511,189
637511,30
637511,168
637511,195
8063,196
8063,197
8063,171
8063,157
8063,107
8063,20
8063,25
8063,26
637775,54
8452,147
6986,198
6986,90
6986,145
6986,30
6986,199
6986,147
6986,22
6054,200
6054,74
6054,201
6054,85
6054,202
6054,29
6054,17
6054,64
6054,203
439263,146
439263,147
439263,30
439263,144
7937,196
7937,42
7937,12
7937,11
7937,25
7937,129
1110,63
1110,54
5284639,64
5280443,64
5318042,174
5318042,93
5318042,204
5318042,153
5318042,22
5318042,90
5318042,39
5318042,205
5318042,20
5318042,192
5318042,172
3893,177
3893,62
3893,70
3893,76
3893,206
31260,180
31260,190
31260,72
31260,152
31260,157
31260,38
31260,207
31260,20
107,27
107,74
107,70
107,30
107,208
107,195
10393,29
10393,30
10393,20
10393,62
7847,169
7847,26
441005,18
441005,12
441005,209
441005,210
441005,13
441005,211
6050,59
6050,64
6050,70
6050,102
6050,50
10797,33
10797,212
10797,139
13144,54
650,55
650,119
650,42
650,50
650,30
650,107
650,170
638278,64
444539,213
444539,30
444539,85
444539,31
5280598,29
5280598,147
8768,26
8768,10
8768,64
8768,211
1032,99
1032,214
1032,215
1032,216
1032,101
1032,107
445070,73
445070,217
445070,62
445070,189
445070,90
445070,59
445070,29
445070,218
445070,30
445070,219
445070,220
445070,31
445070,221
445070,222
445070,97
107971,64
10448,34
10448,47
10448,111
10448,48
10448,30
10448,223
638011,65
638011,66
638011,64
638011,30
638011,19
638011,198
6560,16
6560,37
6560,153
6560,64
284,107
284,216
284,224
985,70
985,225
6590,101
6590,55
6590,226
6590,102
6584,30
6584,64
6584,37
6584,20
5367719,227
5367719,82
5367719,90
5367719,59
5367719,29
5367719,42
5367719,228
5367719,229
72,87
72,27
72,62
89594,64
5280863,64
8103,180
8103,190
8103,33
8103,230
8103,207
8103,30
8103,20
8103,173
8103,22
10430,63
10430,100
10430,231
10430,232
10430,175
10430,3
10430,101
10430,150
10430,233
10430,102
439533,64
6251,54
6251,30
802,63
802,54
802,62
49,20
79803,234
79803,235
8868,35
8868,90
8868,70
8868,20
8868,22
26447,236
26447,237
26447,145
26447,238
26447,18
26447,239
26447,64
26447,146
1549026,59
1549026,74
1549026,240
1549026,22
1549026,29
1549026,64
5363388,35
5363388,90
5363388,38
5363388,30
5363388,20
5363388,148
5363388,22
30914,49
30914,24
30914,133
30914,139
30914,25
30914,241
30914,77
30914,103
30914,140
30914,64
30914,187
7858,184
7858,107
31268,242
31268,130
31268,3
31268,235
31268,129
439246,64
9862,204
9862,35
9862,46
9862,66
9862,23
9862,122
9862,25
9862,22
9862,103
9862,64
9862,243
768,64
2345,180
2345,36
2345,27
2345,18
2345,226
2345,42
2345,0
2345,30
2345,31
2345,169
2345,26
2345,165
2345,102
5284503,244
5284503,64
5284503,90
5284503,70
5284503,43
5284503,245
5284503,22
8857,36
8857,33
8857,30
8857,219
8857,20
8857,31
8857,127
8857,22
5365811,33
5365811,107
5365811,150
5365811,58
5365811,113
5365811,22
643779,65
643779,246
643779,30
643779,247
2969,63
2969,66
2969,69
2969,101
2969,70
2969,248
7362,249
7362,132
7362,12
7362,30
7362,250
7362,26
61020,251
61020,30
61020,107
61020,20
61020,169
61020,25
61020,26
7288,33
7288,212
7288,37
85730,119
85730,252
85730,20
1031,190
1031,197
1031,93
1031,23
1031,207
1031,107
1031,51
8130,66
8130,253
8130,69
8130,18
8130,90
8130,254
8130,101
8130,70
8130,71
8130,22
180,16
180,35
180,222
180,33
6569,33
6569,37
6569,20
6569,212
6569,237
61503,215
61503,54
126,12
126,30
126,31
126,25
126,26
5280445,64
637542,31
637542,27
12209,255
12209,38
12209,39
12209,30
12209,51
12209,256
5372954,30
5372954,85
5372954,31
5372954,213
5372954,195
8468,181
8468,179
8468,257
8468,258
8468,30
8468,50
8468,21
643731,259
643731,70
643731,260
643731,211
643731,192
643731,261
643731,22
7344,167
7344,55
7344,262
7344,19
7344,39
7344,20
7344,263
5366074,35
5366074,143
5366074,74
5366074,264
5366074,30
5366074,85
25915,257
25915,39
25915,30
25915,24
460,17
460,179
460,264
460,30
460,12
460,87
460,13
460,15
460,154
7824,36
7824,37
7824,90
7824,39
7824,30
7824,20
31276,64
31276,16
31276,38
31276,20
31276,30
332,265
332,264
332,189
332,51
332,113
7997,16
7997,207
7997,222
7997,266
7997,239
7997,64
7997,20
8369,119
8369,267
8369,132
8369,268
8369,30
8369,20
8369,250
8369,168
32065,77
32065,269
32065,104
32065,47
32065,43
32065,250
32065,51
12366,62
12366,259
12366,258
12366,59
12366,50
12366,20
12366,31
8158,270
8158,69
8158,59
8158,22
8158,271
8158,102
8908,35
8908,30
8908,38
8908,39
8908,22
8908,165
8908,64
8908,20
19309,119
19309,226
19309,60
19309,268
19309,30
19309,272
19309,168
19309,26
11173,240
11173,20
11173,165
11173,22
10883,171
10883,36
10883,29
10883,30
10883,20
10883,273
10883,22
11559,98
7361,24
7361,190
7361,64
7361,23
7361,75
7361,119
7361,30
7361,72
7361,132
12170,151
12170,30
12170,20
12170,38
7359,33
7359,11
7359,30
7359,20
7359,22
5960,54
880,251
880,33
880,215
880,30
880,61
5365891,98
5367531,274
5367531,113
7795,275
7795,276
7795,152
7795,38
7795,277
7795,278
7795,228
7795,20
7795,222
7795,22
20083,69
20083,18
20083,90
20083,43
20083,12
20083,46
20083,113
20083,22
10558,184
10558,48
10558,279
16617,35
16617,36
16617,38
16617,20
16617,22
222656,54
5283349,66
5283349,73
5283349,269
5283349,259
5283349,280
5283349,69
5283349,90
5283349,70
5283349,42
5283349,260
5283349,30
5283349,228
5283349,281
5283349,282
5283349,22
7799,276
7799,69
7799,153
7799,59
7799,38
7799,283
7799,39
7799,30
7799,20
7799,222
61030,284
61030,59
61030,90
61030,42
61030,43
61030,50
61030,20
61030,126
61030,22
12613,35
12613,285
12613,286
12613,30
12613,20
12613,150
12613,287
12613,22
7193,30
7193,59
7193,27
7193,22
8025,93
8025,74
8025,107
8025,288
8025,22
8025,33
8025,64
17525,35
17525,289
17525,59
17525,30
17525,20
17525,92
17525,22
13187,67
13187,18
13187,90
13187,41
13187,290
13187,43
13187,30
13187,92
13187,127
13187,22
16821,158
16821,70
16821,23
16821,39
16821,30
16821,20
16821,58
16821,173
8052,291
8052,33
8052,292
8052,22
8052,43
8052,39
8052,293
8052,211
264,55
264,100
264,294
264,19
264,101
264,39
264,102
753,54
753,30
5362583,288
5362583,20
5362583,59
5362583,22
639665,64
72277,64
3314,189
3314,30
3314,12
3314,85
3314,113
3314,195
8129,174
8129,177
8129,18
8129,295
8129,226
8129,75
8129,23
8129,30
8129,12
8129,261
8129,22
14079,269
14079,296
14079,178
14079,132
14079,23
14079,25
14079,172
7945,35
7945,36
7945,297
7945,39
7945,30
7945,20
8914,70
8914,298
8914,74
8914,69
8914,29
8914,22
8914,299
8914,300
8914,73
8914,90
8914,64
8914,42
10976,65
10976,46
10976,30
10976,29
10976,22
10976,18
10976,90
10976,9
10976,64
10976,20
10957,37
10957,30
10957,20
10957,75
643139,174
643139,35
643139,301
643139,49
643139,228
643139,20
643139,126
643139,22
17100,98
7655,158
7655,74
7655,302
7655,303
7655,29
7655,64
7655,20
7707,139
7707,304
7707,189
7707,305
7707,226
7707,90
7707,22
7707,85
7707,31
7707,192
7707,114
7707,213
7707,195
1146,175
1146,185
1146,41
1146,42
1146,101
1146,20
8842,59
8842,64
8842,66
8842,74
8842,86
8842,166
8842,29
8842,306
75515,33
75515,150
75515,20
75515,22
18698,177
18698,178
18698,258
18698,50
18698,30
61592,36
61592,49
61592,134
61592,286
61592,20
61592,307
61592,58
61386,158
61386,153
61386,283
61386,59
61386,42
61386,70
61386,61
61386,308
12813,158
12813,177
12813,119
12813,69
12813,59
12813,90
12813,42
12813,70
12813,30
12813,20
12813,170
12813,263
1491,87
1491,62
7742,177
7742,119
7742,269
7742,69
7742,309
7742,39
7742,30
7742,25
7742,160
7762,35
7762,36
7762,38
7762,39
7762,20
7762,256
7762,288
445154,64
7915,33
7915,75
7915,38
7915,30
7915,20
7848,108
7848,111
7848,30
7848,310
7848,126
8792,74
8792,158
8792,276
8792,30
8792,29
8792,64
8792,20
24115,70
24115,30
24115,50
24115,20
24115,263
14296,139
14296,72
14296,311
14296,23
14296,24
14296,11
14296,312
14296,25
7151,143
7151,18
7151,117
7460,198
7460,66
7460,183
7460,17
7460,18
7460,313
7460,12
7460,314
7460,22
529496,48
529496,20
529496,22
5282708,98
19707,55
19707,119
19707,42
19707,70
19707,30
19707,50
19707,20
19707,87
19707,211
5362622,98
8159,276
8159,90
8159,286
8159,39
8159,12
8159,61
8159,222
8159,22
26808,103
26808,77
26808,104
26808,181
26808,47
26808,315
26808,23
26808,43
26808,11
26808,51
26808,25
8432,316
8432,74
8432,90
8432,29
8432,30
8432,127
8432,22
8169,35
8169,18
8169,59
8169,29
8169,260
8169,293
8169,22
15037,48
15037,59
15037,32
15037,24
15037,20
15037,22
62484,317
62484,18
62484,165
1001,235
1001,41
9064,64
5284507,66
5284507,259
5284507,59
5284507,29
5284507,12
5284507,210
5284507,173
5284507,22
73750,34
73750,108
73750,48
73750,130
73750,21
73750,102
636687,66
636687,90
636687,22
636687,228
636687,260
8186,180
8186,318
8186,66
8186,59
8186,90
8186,29
8186,70
8186,30
8186,107
8186,71
8186,92
8186,22
26331,55
26331,51
26331,23
26331,11
26331,25
26331,210
26331,104
26331,12
26331,64
26331,319
10886,35
10886,36
10886,70
10886,320
10886,30
10886,20
10886,222
10886,22
7797,36
7797,153
7797,39
7797,293
7797,20
7797,228
7797,61
7797,288
8038,35
8038,30
8038,20
8038,150
8038,39
8038,33
8038,64
8038,38
8655,62
8655,30
8655,12
8655,160
8655,32
8175,66
8175,67
8175,68
8175,176
8175,59
8175,29
8175,30
8175,71
6998,142
6998,10
6998,163
6998,113
6998,195
16255,177
16255,36
16255,42
16255,30
16255,20
16255,92
16255,22
26334,77
26334,321
26334,8
26334,47
26334,24
7894,248
7894,322
61384,36
61384,175
61384,59
61384,38
61384,29
61384,12
61384,30
61384,85
61384,22
7800,59
7800,29
7800,30
7800,299
7800,192
7800,92
8007,322
8007,41
62465,17
62465,264
62465,189
62465,78
62465,113
62465,87
72276,64
7658,323
7658,226
7658,29
7658,23
7658,30
31283,37
31283,59
31283,30
31283,92
31283,96
31283,261
5281168,174
5281168,35
5281168,99
5281168,48
5281168,69
5281168,38
5281168,101
5281168,70
5281168,30
5281168,293
5281168,20
5281168,71
5281168,26
5281168,22
22386,180
22386,197
22386,62
22386,207
22386,22
8193,177
8193,259
8193,69
8193,59
8193,70
8193,43
8193,85
8193,92
5352905,30
5352905,113
5281,70
5281,54
5281,62
7775,158
7775,36
7775,30
7775,20
7775,150
7775,22
679,70
679,46
679,99
679,124
679,64
679,42
8180,180
8180,177
8180,59
8180,70
8180,50
8180,102
21057,324
21057,49
21057,42
21057,58
21057,113
21057,22
62453,10
62453,75
62453,325
62453,30
62453,87
31291,326
31291,327
31291,328
31291,259
31291,59
31291,70
31291,208
31291,173
31291,211
229888,59
229888,11
229888,30
229888,20
229888,22
146586,34
146586,329
146586,111
146586,129
146586,154
8051,177
8051,67
8051,18
8051,30
8051,12
8051,20
8051,113
8051,195
65064,64
88290,330
88290,34
88290,291
88290,331
88290,80
107905,64
5280343,64
16872,35
16872,171
16872,153
16872,60
16872,286
16872,30
16872,20
16872,222
16872,22
7772,49
7772,286
7772,30
7772,20
7772,150
7772,39
7772,36
7772,64
7772,38
22201,55
22201,119
22201,269
22201,319
22201,280
22201,86
22201,24
22201,11
22201,51
22201,25
22201,26
22201,172
9017,65
9017,66
9017,74
9017,29
9017,39
9017,12
9017,20
9017,150
9017,332
9017,22
520108,123
520108,77
520108,139
520108,103
520108,269
520108,25
520108,140
520108,333
19310,123
19310,108
19310,34
19310,111
19310,185
19310,334
19310,80
19310,279
61171,124
61171,111
61171,134
61171,24
61171,20
61171,80
85519,70
85519,252
5463238,33
58,251
58,119
58,335
58,30
58,50
8174,73
8174,74
8174,69
8174,59
8174,70
8174,29
8174,30
8174,299
8174,336
9256,25
9256,337
9256,80
12367,66
12367,73
12367,59
12367,260
12367,50
12367,20
12367,102
12367,22
964,63
964,108
964,135
135,25
135,87
1549018,82
1549018,284
1549018,18
1549018,29
1549018,12
1549018,266
1549018,113
1060,294
1060,63
1060,19
1060,274
61712,98
10925,338
10925,111
445639,311
445639,69
445639,59
445639,70
445639,282
445639,0
7342,122
7342,190
7342,33
7342,226
7342,30
7342,207
7342,20
7342,339
31251,74
31251,153
31251,59
31251,61
31251,20
31251,150
31251,126
569214,284
569214,150
569214,20
569214,287
569214,22
519786,36
519786,276
519786,59
519786,38
519786,20
519786,22
7222,122
7222,48
7222,28
7222,134
7222,280
7222,340
7222,24
7222,25
7222,279
65084,64
513197,64
14505,119
14505,143
14505,27
14505,47
14505,24
14505,30
14505,11
14505,51
14505,31
14505,26
14505,53
8163,73
8163,59
8163,90
8163,70
8163,29
8163,341
8163,50
8163,20
8163,96
8163,22
7302,119
7302,42
7302,70
7302,30
7302,50
7646,82
7646,284
7646,74
7646,42
7646,30
7646,20
7646,150
5054,23
5054,50
5054,342
5054,25
5054,87
9589,211
9589,30
9589,12
9589,342
9589,25
9589,140
9589,87
31253,183
31253,17
31253,27
31253,315
31253,31
31253,314
31253,113
31253,32
8918,59
8918,316
8918,92
8918,150
8918,39
8918,22
8918,299
8918,30
8918,64
8918,20
61048,181
61048,23
61048,30
61048,20
61048,31
61209,98
61664,123
61664,108
61664,171
61664,315
61664,111
61664,20
61664,343
8194,66
8194,69
8194,59
8194,29
8194,220
8194,71
8194,92
8194,22
14514,177
14514,178
14514,258
14514,23
14514,309
14514,170
14514,25
31225,344
31225,29
31225,20
31225,31
31225,85
31225,345
61743,59
61743,70
61743,20
61743,92
61743,22
5282726,98
5283335,59
5283335,22
5283335,70
5283335,346
5283335,228
5283335,260
7144,87
7144,189
7144,86
7144,264
7144,78
7144,10
7144,347
7144,188
7144,15
7144,64
7144,179
7144,17
7749,36
7749,60
7749,39
7749,30
7749,61
7749,20
7749,256
15406,211
15406,65
15406,348
15406,30
15406,349
15406,237
15406,12
15406,64
31245,33
31245,20
31245,22
240925,119
240925,17
240925,12
240925,350
240925,87
240925,351
240925,15
240925,154
5319754,98
31242,154
31242,352
31242,17
31242,93
31242,353
31242,121
31242,15
31242,87
7710,158
7710,177
7710,59
7710,42
7710,50
7710,30
7710,263
8314,63
8314,100
8314,231
8314,226
8314,354
8314,107
8314,102
6086514,158
6086514,276
6086514,74
6086514,29
6086514,30
6086514,20
6086514,22
638122,98
442428,64
10823,119
10823,66
10823,143
10823,110
10823,264
10823,48
10823,86
10823,355
10823,70
10823,29
10823,23
10823,12
10823,43
10823,20
10823,51
10823,112
10823,25
10823,80
10823,113
10823,22
14228,180
14228,35
14228,171
14228,59
14228,252
14228,20
14228,165
14228,22
62835,138
62835,119
62835,356
62835,143
62835,17
62835,72
62835,264
62835,357
62835,24
62835,272
62835,358
62835,266
62835,170
62835,359
522676,42
522676,29
522676,20
522676,276
65285,98
643820,360
643820,126
643820,66
643820,30
643820,227
643820,64
5284421,98
7921,143
7921,117
7921,18
7921,11
7921,30
7921,12
20653,311
20653,42
20653,70
20653,20
20653,102
5364399,180
5364399,315
5364399,59
5364399,39
5364399,107
5364399,20
5364399,150
5364399,22
12327,177
12327,59
12327,70
12327,92
12327,288
8073,61
8073,30
8073,22
8073,171
8073,33
8073,64
8073,20
7711,114
7711,74
7711,22
7711,18
7711,361
7711,64
263,180
263,179
263,39
263,207
263,30
263,31
263,13
263,15
61814,17
61814,179
61814,362
61814,169
61814,26
1136,123
1136,363
1136,70
8091,73
8091,48
8091,18
8091,59
8091,30
8091,71
8091,22
326,113
326,231
326,18
326,19
326,42
326,364
326,22
11508,153
11508,207
11508,11
11508,20
11508,288
11508,22
11902,143
11902,44
11902,30
11902,20
11902,46
637758,98
5364231,174
5364231,59
5364231,30
5364231,228
5364231,150
5364231,192
5364231,20
5364231,261
5364231,22
31265,36
31265,289
31265,59
31265,38
31265,39
31265,30
31265,20
31265,22
31249,158
31249,139
31249,35
31249,276
31249,62
31249,153
31249,60
31249,23
31249,39
31249,20
31249,365
31249,222
31249,366
31249,279
10885,35
10885,171
10885,36
10885,30
10885,61
10885,20
7165,211
7165,266
7165,163
7165,60
7165,169
7165,20
7165,30
7165,293
7165,219
7165,23
7165,367
7165,31
7165,226
7165,39
7165,147
7165,171
7165,365
7165,239
7165,64
7165,38
7165,173
7761,35
7761,30
7761,20
7761,22
9895,198
9895,368
9895,143
9895,18
9895,369
9895,30
9895,150
9895,299
9895,20
9895,370
9895,147
8748,315
8748,43
8748,107
8748,12
638014,261
638014,73
638014,181
638014,267
638014,371
638014,29
638014,12
638014,96
638014,239
638014,173
638014,211
83036,190
83036,197
83036,33
83036,20
83036,22
5281167,174
5281167,9
5281167,305
5281167,48
5281167,18
5281167,90
5281167,372
5281167,42
5281167,22
31284,70
31284,96
31284,59
31284,229
5364778,48
5364778,30
5364778,61
5364778,20
5364778,256
5364778,22
177,33
177,37
177,152
177,107
177,20
177,71
6654,373
6654,313
6654,147
6654,90
6654,43
6654,30
6654,12
6654,314
6654,349
6654,237
8294,66
8294,39
8294,30
8294,12
8294,374
8294,240
8294,22
14896,375
14896,230
14896,313
14896,22
14896,309
14896,12
14896,349
14896,211
22873,158
22873,48
22873,18
22873,289
22873,90
22873,372
22873,20
12810,158
12810,55
12810,177
12810,276
12810,90
12810,42
12810,50
12810,293
12810,30
12810,20
12810,21
170833,142
170833,147
170833,12
170833,15
62572,376
62572,377
62572,60
62572,150
62572,20
62572,22
11527,66
11527,269
11527,244
11527,18
11527,43
11527,12
11527,228
11527,147
11527,46
11527,113
11335,378
11335,24
11335,30
11335,15
11335,87
24020,35
24020,19
24020,30
24020,293
24020,20
24020,22
7409,379
7409,316
7409,90
7409,30
7409,114
12230,123
12230,124
12230,48
12230,134
12230,70
12230,43
12230,12
12230,25
12230,110
12230,80
12230,113
12230,66
12230,34
12230,24
12230,112
12230,22
12230,108
12230,337
12230,49
12230,41
12230,29
12230,20
1549521,98
637920,212
637920,41
637920,20
637920,87
7938,7
7938,8
7938,24
7938,11
7938,14
8858,380
8858,48
8858,75
8858,43
8858,30
8858,107
8122,59
8122,62
61400,304
61400,29
61400,20
61400,127
61400,22
8139,177
8139,69
8139,59
8139,50
8139,92
8139,46
7770,16
7770,36
7770,276
7770,175
7770,101
7770,30
7770,20
12293,36
12293,39
12293,30
12293,20
12293,150
12293,256
12293,22
429065,98
12580,15
12580,87
60983,42
60983,55
60983,102
7462,65
7462,66
7462,314
7462,15
7462,18
7462,12
7462,64
7462,146
7803,30
7803,107
7803,75
7803,36
7803,19
7803,64
7803,20
17739,181
17739,381
17739,189
17739,204
17739,19
17739,41
17739,121
17739,30
17739,219
17739,31
17739,92
17739,113
17739,87
10895,38
10895,297
10895,30
10895,20
10895,22
10895,64
10895,37
7341,63
7341,102
18522,16
18522,132
18522,263
18522,30
18522,25
335,121
335,23
335,15
335,87
7765,118
7765,269
7765,262
7765,37
7765,48
7765,43
7765,39
7765,30
7765,85
7765,22
16237,74
16237,61
16237,20
16237,85
16237,114
16237,173
6874,163
6874,143
6874,58
6874,29
6874,92
6874,18
6874,12
6874,64
6874,382
31272,16
31272,33
31272,38
31272,20
31272,222
4133,198
4133,163
4133,145
735940,98
8365,198
8365,29
8365,163
8365,30
8365,31
8365,147
8365,113
5318599,66
5318599,67
5318599,22
5318599,32
61450,36
61450,30
61450,20
61450,31
31226,113
31226,30
31226,31
31226,213
31226,195
31226,64
62900,177
62900,72
62900,178
62900,383
62900,266
62900,25
62900,160
61586,190
61586,139
61586,179
61586,264
61586,30
61586,61
61586,50
61586,384
61586,113
11622,177
11622,18
11622,258
11622,59
11622,70
11622,43
11622,21
11622,25
62092,143
62092,18
62092,3
62092,30
18686,385
18686,39
18686,20
18686,102
10882,323
10882,35
10882,36
10882,39
10882,30
10882,20
10882,150
10882,22
7755,99
7755,175
7755,215
7755,19
7755,3
7755,20
7755,22
229377,35
229377,36
229377,153
229377,60
229377,286
229377,226
229377,30
229377,20
229377,222
229377,22
5282108,29
5282108,30
5282108,12
5282108,150
5282108,20
5282108,210
5282108,96
5282108,239
5282108,261
12777,158
12777,177
12777,70
12777,30
12777,150
12777,21
12777,160
7095,166
7095,74
7095,107
7095,22
60979,386
60979,219
60979,20
60979,31
60979,387
6549,65
6549,66
6549,73
6549,29
6549,30
6549,12
6549,388
6549,389
6549,240
6549,173
6549,22
31234,390
31234,391
31234,39
31234,30
31234,219
31234,31
31234,114
31234,113
31234,195
16220110,48
16220110,22
6985,29
6985,12
6985,30
6985,147
6985,156
12041,98
102550,147
102550,20
602,54
7590,97
7590,31
7590,74
7590,219
7590,139
7590,85
7590,228
7590,39
7590,30
7590,29
7590,239
7590,64
7590,11
5366038,98
5280804,54
8635,360
8635,173
8635,65
8635,85
8635,226
8635,392
8635,97
8635,15
8635,60
8635,64
8635,20
8635,94
6544,142
6544,143
6544,393
6544,86
6544,23
6544,12
6544,30
6544,20
6544,146
6544,237
6544,22
6440397,54
18467,25
18467,30
18467,11
12206,35
12206,36
12206,30
12206,20
12206,25
12206,22
68077,64
1550470,98
7351,150
7351,36
7351,394
7720,66
7720,74
7720,90
7720,29
7720,42
7720,30
7720,22
179,55
179,118
179,258
179,70
179,50
179,30
179,21
179,263
5275520,65
5275520,395
5275520,233
5275520,215
5275520,211
5275520,12
5275520,127
5275520,22
6428929,50
6428929,20
6428929,30
11732,20
5281654,64
5366264,396
875,274
875,149
595928,397
595928,64
595928,155
595928,30
595928,12
5273467,328
5273467,29
5273467,23
5273467,11
5273467,382
24197,98
7957,197
7957,62
7957,33
7957,90
7957,398
5324489,98
61293,66
61293,36
61293,264
61293,60
61293,90
61293,20
8164,18
8164,59
8164,43
8164,46
8164,22
226486,72
226486,104
226486,78
226486,264
226486,30
226486,173
226486,399
226486,80
2733294,400
2733294,377
2733294,401
2733294,90
2733294,59
2733294,30
2733294,22
521246,263
521246,30
521246,107
521246,50
520326,66
520326,35
520326,30
520326,388
520326,20
520326,169
6993580,98
11579,119
11579,402
11579,215
11579,30
11579,263
5372813,98
62445,35
62445,18
62445,22
62445,43
62445,20
62445,92
62445,102
4,41
8375,143
8375,116
8375,18
8375,30
8375,85
8375,342
8375,87
32594,17
32594,204
32594,403
32594,404
32594,405
32594,406
32594,407
32594,22
8438,177
8438,408
8438,181
8438,30
8438,179
8438,173
8438,261
8438,64
11614,283
11614,293
11614,20
11614,61
7476,55
7476,120
7476,181
7476,30
7476,27
7476,342
7476,119
7476,409
7476,64
7476,179
7469,62
7469,30
7469,31
7469,342
7469,156
520098,204
520098,23
520098,404
520098,405
520098,406
520098,410
520098,407
520098,22
228583,135
228583,113
17898,98
12257,33
12257,11
12257,150
12257,16
8082,29
8082,30
8082,186
8082,64
8082,3
61641,34
61641,124
61641,111
61641,48
61641,49
61641,30
6989,18
6989,209
6989,237
6989,15
6989,87
7002,362
7002,15
7002,75
7002,237
61275,180
61275,411
61275,304
61275,18
61275,155
61275,266
61275,127
61275,173
61275,22
61665,17
61665,18
61665,412
61665,147
61665,87
61665,22
61455,377
61455,226
61455,30
61455,20
61455,413
61455,22
249494,62
249494,295
249494,29
249494,220
249494,299
249494,22
5363229,414
5363229,269
5363229,18
5363229,43
5363229,309
5363229,30
5363229,388
5363229,46
5363229,113
17000,107
17000,85
17000,415
17000,416
17000,417
243,31
243,418
243,0
24838,35
24838,59
24838,226
24838,20
24838,150
24838,113
24838,22
61185,96
61185,30
61185,153
229387,419
229387,30
229387,20
229387,59
8738,197
8738,59
8738,50
8738,20
8738,46
15606,177
15606,153
15606,59
15606,30
15606,20
15606,150
15606,222
33166,43
33166,57
33166,407
33166,405
5282707,98
10795,93
10795,37
10795,19
10795,159
10795,30
10795,22
27866,344
27866,90
27866,166
27866,113
27866,22
106441,98
61953,143
61953,300
61953,58
61953,18
61953,12
61953,192
61953,303
61953,113
61953,22
5282109,360
5282109,303
5282109,22
5282109,74
5282109,90
5282109,64
7826,171
7826,59
7826,29
7826,39
7826,30
7826,96
7826,22
11468,315
11468,12
11468,23
11468,211
261,196
261,139
261,50
261,222
261,48
261,70
261,43
261,12
261,107
261,25
261,110
261,80
261,113
261,66
261,112
261,22
261,35
261,29
261,23
261,11
261,20
261,81
522514,98
25611,174
25611,20
25611,22
11514,35
11514,38
11514,30
11514,20
11514,239
11514,22
70,20
5363526,98
8499,18
8499,30
8499,219
8499,228
8499,31
1549025,66
1549025,94
1549025,420
1549025,74
1549025,29
1549025,39
1549025,222
1549025,421
1549025,92
1549025,97
6506,54
6506,62
6506,64
6506,20
6506,153
7249,422
7249,211
7456,54
7520,16
7520,423
7520,12
7520,113
7363,77
7363,139
7363,72
7363,34
7363,104
7363,264
7363,134
7363,41
7363,42
7363,70
7363,24
61260,77
61260,140
6430892,98
62539,119
62539,383
62539,263
62539,25
62539,26
61988,25
31246,36
31246,226
31246,30
31246,20
31246,51
31246,288
31246,102
61661,24
61661,104
104620,72
104620,104
30215,424
30215,104
30215,184
30215,425
30215,48
30215,426
30215,25
62069,48
62069,43
62069,50
62069,22
6428802,98
61199,119
61199,17
61199,30
61199,20
61199,138
3017596,274
3017596,283
3017596,20
7802,70
7802,427
7802,20
7802,22
3321360,98
77837,25
77837,104
6429333,304
6429333,135
6429333,155
6429333,30
6429333,57
6429333,85
6429333,11
6429333,25
61663,123
61663,379
61663,30
61663,12
61663,169
61663,26
61663,428
17016,98
36225,103
36225,383
36225,80
61527,86
61527,43
61527,23
61527,30
61527,11
61527,25
61527,133
65427,98
61658,171
61658,60
61658,286
61658,293
61658,20
7148,200
7148,342
14511,169
14511,119
14511,269
14511,87
36822,269
36822,104
36822,257
36822,23
36822,102
36822,429
36822,133
36822,187
7360,119
7360,117
7360,430
7360,48
7360,42
7360,0
102611,18
102611,29
102611,43
102611,210
102611,173
102611,22
121694,72
121694,104
61261,34
61261,124
61261,111
61261,130
61261,80
11520,18
11520,427
11520,64
11520,165
7708,36
7708,276
7708,29
7708,20
7708,365
7708,26
7708,431
7708,113
61240,43
521300,167
521300,157
521300,23
521300,24
521300,30
521300,432
2734646,143
2734646,154
2734646,264
2734646,357
2734646,75
2734646,87
8712,122
8712,34
8712,124
8712,111
8712,130
8712,80
10931,93
10931,21
10931,87
10931,22
26204,251
26204,55
26204,19
26204,30
26204,50
26204,20
26335,24
7047,122
7047,143
7047,10
7047,23
7047,43
61252,55
61252,124
61252,48
61252,433
61252,263
61252,80
61252,22
61166,38
61166,42
61166,24
61166,30
61166,20
61166,113
61166,22
525358,124
525358,111
525358,22
28905,77
28905,66
28905,103
28905,104
28905,110
28905,47
28905,48
28905,280
28905,70
28905,29
28905,43
28905,12
28905,23
28905,20
28905,112
28905,25
28905,80
28905,113
28905,22
12570,264
12570,15
12570,87
23642,113
23642,34
23642,181
23642,434
23642,30
23642,435
23642,80
23642,87
26333,436
26333,272
26333,18
26333,22
123388,317
123388,34
11124,373
11124,35
11124,226
11124,90
11124,61
11124,20
34286,177
34286,280
34286,134
34286,41
34286,58
34286,80
20499,104
20499,108
20499,111
20499,134
20499,24
20499,45
20499,80
246728,55
246728,18
246728,230
246728,90
246728,46
246728,30
246728,240
246728,165
520682,104
520682,48
520682,30
520682,437
520682,113
7509,198
7509,34
7509,124
7509,111
7509,19
7509,24
7509,151
7509,438
62510,77
62510,104
62510,439
62510,22
62510,41
62510,25
62510,154
61670,72
61670,104
61670,383
61670,24
61670,25
61670,133
11160,170
11160,36
11160,35
11160,20
7267,78
7267,30
7267,362
7267,87
7267,154
87466,25
87466,48
87466,22
61657,184
61657,124
61657,111
61657,134
61657,24
61657,151
61303,284
61303,90
61303,266
2519,54
2519,64
61700,100
61700,43
61700,24
61700,25
61700,22
10341,263
526487,77
526487,104
526487,175
526487,18
526487,440
526487,20
61662,111
61662,258
61662,50
61662,282
61662,279
62131,104
62131,134
62131,41
62131,24
62131,80
62131,438
62131,154
263034,25
263034,24
27440,25
27440,441
27440,22
7728,40
7728,104
7728,47
7728,43
7728,170
7728,25
61634,119
61634,30
61634,138
11363,263
11363,204
11363,85
11363,32
20534,62
20534,153
20534,30
20534,20
20534,113
104722,103
104722,140
104722,104
32093,104
32093,383
32093,48
32093,432
32093,25
7559,17
7559,59
7559,29
7559,30
7559,85
7559,26
528698,30
528698,138
61656,42
61656,124
61656,46
61656,41
61660,77
61660,72
61660,104
61660,134
61660,24
61660,25
61633,119
61633,296
61633,30
61633,219
61633,272
61633,31
61633,138
61633,442
62385,443
62385,66
62385,28
62385,189
62385,353
62385,349
62385,113
62385,87
151199,141
61659,427
61659,134
61659,43
61659,24
61659,46
61659,80
10887828,184
10887828,34
10887828,124
10887828,111
10887828,48
10887828,47
10887828,25
11449,444
11449,263
11449,445
11449,279
61653,103
61653,139
61653,48
61653,23
61653,24
61653,11
61653,405
61653,25
518937,124
518937,111
518937,48
518937,134
518937,151
518937,107
519732,98
7583,166
7583,87
7583,22
7583,192
526624,104
526624,111
526624,134
526624,446
526624,88
526624,80
61041,113
61041,143
61041,18
61041,90
61041,30
61041,412
61041,58
61041,165
61041,87
5352543,36
5352543,161
5352543,59
5352543,385
5352543,39
5352543,20
5352543,150
5352543,222
5352543,148
5352543,22
35821,98
5281929,98
5367706,90
5367706,29
5367706,70
5367706,31
5367706,192
5367706,382
5367706,22
9016,30
9016,357
9016,64
9016,22
9016,159
5370101,98
16217806,47
16217806,49
16217806,134
16217806,81
16217806,22
13204,30
13204,18
5363140,30
5363140,171
5363140,102
62374,143
62374,23
62374,12
62374,30
62374,192
62374,303
5352626,98
309,23
309,25
309,149
7704,177
7704,59
7704,70
7704,30
7704,50
7704,21
7704,160
6341,322
6341,41
876,215
876,34
876,62
10748,31
10748,30
10748,27
10748,160
24261,54
8021,235
8021,41
5283324,269
5283324,69
5283324,18
5283324,90
5283324,22
5283324,70
5283324,38
5283324,59
5283324,192
5283324,260
6436017,141
442355,210
442355,12
442355,17
12741,29
12741,73
12741,158
12741,70
5280666,64
25310,54
25310,30
11583,33
11583,37
10408,284
10408,18
10408,69
10408,42
10408,12
10408,266
5281515,17
5281515,189
5281515,30
5281515,12
5281515,210
5281515,211
931,211
931,107
931,447
931,448
1213,449
1213,450
1213,90
1213,43
1213,23
1213,405
442501,180
442501,198
442501,66
442501,200
442501,29
442501,12
442501,219
442501,314
442501,349
2758,198
2758,204
2758,18
2758,451
2758,30
2758,237
12297,75
12297,385
11265,198
5284656,113
5284656,171
5284656,181
5284656,30
5284656,293
5284656,85
5284656,31
5284656,20
5284656,173
5284656,195
6363,235
6363,41
4114,64
12306047,210
12306047,12
4947,141
4947,64
15448,59
15448,268
15448,90
15448,452
15448,453
1713001,227
1713001,66
1713001,110
1713001,74
1713001,48
1713001,90
1713001,59
1713001,70
1713001,29
1713001,43
1713001,12
1713001,20
1713001,150
1713001,112
1713001,25
1713001,80
1713001,113
1713001,22
22311,65
22311,66
22311,73
22311,18
22311,12
22311,314
22311,454
22311,237
7247,32
5962,54
7043,179
7043,23
7043,50
7043,30
7043,87
20928,33
20928,61
20928,22
10586,183
10586,17
10586,62
10586,29
10586,173
5283321,103
5283321,195
5317319,210
5317319,66
5317319,30
5317319,12
289151,74
289151,10
289151,455
289151,30
289151,12
25311,456
25311,66
25311,315
25311,90
25311,59
25311,30
25311,299
25311,71
25311,92
25311,173
25311,229
2214,179
2214,30
2214,457
2214,0
10364,12
10364,458
10364,17
10364,237
5365587,48
5365587,19
5365587,59
5365587,90
5365587,30
5365587,148
5365587,22
61177,459
61177,35
61177,30
61177,38
16846,25
16846,31
23235,90
23235,460
23235,12
23235,299
23235,31
7714,158
7714,177
7714,335
7714,276
7714,70
7714,50
7714,20
7714,461
1616260,98
61204,158
61204,177
61204,59
61204,70
61204,50
61204,20
5362814,118
5362814,462
5362814,258
5362814,42
5362814,70
5362814,50
5362814,21
5362814,22
118855872,98
92043681,98
641248,48
641248,18
641248,49
641248,23
641248,107
641248,58
641248,22
12844,158
12844,55
12844,177
12844,90
12844,42
12844,39
12844,30
12844,50
12844,58
12844,263
12844,102
7519,55
7519,33
7519,93
7519,28
7519,219
7519,102
7519,87
5283345,73
5283345,463
5283345,74
5283345,176
5283345,59
5283345,42
5283345,70
5283345,43
5283345,29
5283345,71
5283345,46
5283345,22
5364752,35
5364752,73
5364752,49
5364752,226
5364752,39
5364752,107
5364752,20
5364752,22
61235,284
61235,18
61235,90
61235,30
61235,20
61235,192
61235,113
520296,180
520296,258
520296,59
520296,70
520296,50
520296,30
520296,21
5283316,67
5283316,48
5283316,69
5283316,90
5283316,70
5283316,107
5283316,26
5283316,22
13576,66
13576,73
13576,59
13576,29
13576,20
13576,22
16832,171
16832,36
16832,90
16832,464
16832,20
560255,20
560255,36
6915,63
6915,119
6915,171
6915,215
6915,152
6915,20
6915,211
62089,59
62089,70
62089,23
62089,50
62089,21
62089,465
62089,466
62089,32
7983,158
7983,35
7983,171
7983,36
7983,38
7983,30
7983,20
7983,222
5283329,22
5283329,70
5283329,228
5283329,222
5283329,371
5283329,260
90246,197
90246,49
90246,134
90246,19
90246,286
90246,467
90246,46
90246,102
21108,20
21108,250
7731,181
7731,468
7731,362
7731,146
7731,25
7731,366
7731,469
7353,35
7353,38
7353,30
7353,20
7353,150
7353,22
13357,35
13357,297
13357,70
13357,30
13357,20
13357,22
61184,36
61184,37
61184,286
61184,39
61184,30
61184,107
61184,20
61184,320
521869,21
521869,34
521869,258
521869,438
62444,108
62444,109
62444,124
62444,134
62444,3
62444,102
8167,180
8167,66
8167,73
8167,36
8167,74
8167,59
8167,90
8167,299
8167,470
8167,92
6321405,315
6321405,18
6321405,12
6321405,31
6321405,237
7981,158
7981,35
7981,36
7981,39
7981,30
7981,222
7981,22
9025,103
9025,177
9025,231
9025,360
9025,384
9025,20
93236,170
93236,111
93236,34
15380,123
15380,34
15380,124
15380,22
15380,151
15380,46
15380,113
15380,102
637520,31
637520,30
637520,169
637520,226
81221,18
81221,113
8012,124
8012,111
8012,130
8012,134
8012,24
61840,98
62003,98
14529,66
14529,178
14529,315
14529,29
14529,30
14529,20
14529,169
14529,237
88454,23
88454,39
88454,20
88454,228
88454,222
88454,471
88454,22
10582,198
10582,10
10582,12
10582,30
10582,31
10582,349
8785,35
8785,64
8785,276
8785,293
8785,82
8785,472
8785,169
8785,30
8785,29
8785,90
8785,284
8785,20
1030,190
1030,473
1030,54
12178,190
12178,93
12178,37
12178,15
8500,116
8500,379
8500,178
8500,30
8500,474
8500,342
8500,169
8500,156
247573,18
247573,30
247573,12
247573,31
247573,237
1549778,227
1549778,74
1549778,90
1549778,29
1549778,71
1549778,20
1549778,192
1549778,22
473,98
6943,87
6943,15
6943,475
544628,147
544628,20
1123,141
1123,64
5283356,66
5283356,67
5283356,68
5283356,69
5283356,90
5283356,30
5283356,20
5283356,22
1182,54
5971,184
5971,107
5971,124
5971,123
5971,170
5971,64
5283361,66
5283361,73
5283361,69
5283361,18
5283361,59
5283361,91
5283361,30
5283361,20
5283361,71
5283361,58
5283361,22
61346,18
61346,43
61346,76
61346,23
61346,46
61346,271
8405,18
8405,476
8405,30
8405,219
8405,31
107689,215
107689,54
5352876,69
5352876,70
5352876,39
5352876,20
5352876,148
5352876,46
5352876,22
27209,477
27209,178
27209,12
27209,208
27209,478
101750,16
101750,479
101750,480
443158,90
443158,29
443158,12
443158,126
443158,240
443158,238
10402,264
10402,70
10402,29
10402,148
10402,22
7794,65
7794,66
7794,74
7794,69
7794,18
7794,59
7794,29
7794,30
7794,71
7794,169
7794,211
20745,42
20745,463
20745,30
20745,22
61435,18
61435,211
61435,30
61435,20
61435,126
61435,22
32033,481
32033,34
32033,80
5364919,122
5364919,33
5364919,22
5364919,20
5364919,32
637564,66
637564,29
637564,30
637564,113
637564,22
5365004,29
5365004,74
5365004,59
78925,34
78925,80
5283339,98
181128,64
99967,64
85704,141
5780,30
5780,119
5780,54
5367412,98
11543,107
12294,171
12294,36
12294,153
12294,39
12294,20
21596,35
21596,18
21596,372
21596,20
21596,482
10890,36
10890,38
10890,30
10890,20
10890,150
10890,169
12571,171
12571,286
12571,30
12571,228
12571,150
12571,20
61015,180
61015,59
61015,42
61015,20
61015,51
61015,92
12401,483
12401,141
5281516,66
5281516,94
5281516,360
5281516,18
5281516,484
5281516,30
5281516,374
5281516,210
5281516,240
5281516,22
5281162,35
5281162,59
5281162,50
5281162,30
5281162,20
5281162,150
5281162,222
5281162,22
8815,296
8815,17
8815,179
8815,93
8815,18
8815,357
8815,485
8815,30
8815,219
8815,147
8815,22
5352837,486
5352837,228
5352837,90
5352837,336
12278,18
12278,150
11529,74
11529,38
11529,43
11529,487
11529,30
6568,42
6568,30
6568,153
6568,276
12348,33
12348,20
12348,38
78199,66
78199,276
78199,110
78199,48
78199,70
78199,29
78199,43
78199,12
78199,20
78199,112
78199,25
78199,80
78199,113
78199,22
5352438,35
5352438,153
5352438,90
5352438,20
5352438,58
5352438,263
5352438,22
8048,35
8048,283
8048,59
8048,60
8048,42
8048,30
8048,20
8048,222
11039,35
11039,36
11039,29
11039,20
11039,173
13654,27
13654,29
13654,39
13654,30
13654,20
5352770,98
24433,171
24433,181
24433,153
24433,60
24433,29
24433,30
24433,293
24433,20
24433,488
11230,315
11230,204
11230,313
11230,23
11230,12
11230,30
11230,384
11230,405
12529,33
12529,427
12529,43
12529,205
12529,20
12529,22
7991,100
7991,109
7991,175
7991,215
7991,3
7991,101
7991,128
61137,35
61137,36
61137,30
61137,20
61137,150
61137,239
61137,22
61812,139
61812,39
61812,11
61812,20
61812,22
8060,235
8060,41
6405,107
31278,70
31278,42
31278,62
440936,64
7664,98
62592,489
62592,29
62592,30
62592,150
62592,20
62592,299
62592,303
62592,22
17129,35
17129,171
17129,59
17129,252
17129,30
17129,20
17129,22
62341,64
62341,273
62341,316
62341,23
62341,29
62341,22
62341,30
62341,18
62341,174
62341,20
637563,296
637563,30
637563,219
637563,31
637563,156
5364519,427
5364519,90
5364519,70
5364519,228
5364519,20
11176,30
11176,64
11176,35
11176,20
5463875,98
43263,276
43263,18
43263,38
43263,490
43263,30
43263,20
6276,180
6276,27
6276,179
6276,207
6276,30
6276,31
5319706,98
5144,17
5144,117
5144,29
5144,485
5144,30
5144,12
5144,219
5144,113
14778,54
12398,483
8222,483
8222,59
219794,269
219794,263
219794,30
219794,107
12534,483
12534,59
12403,483
12403,59
11635,483
12508,38
12508,30
12508,37
12508,36
12508,64
12508,20
5281553,66
5281553,18
5281553,30
5281553,12
5281553,150
5281553,314
5281553,165
5281553,22
519382,328
519382,491
519382,43
519382,12
519382,96
519382,211
7695,181
7695,178
7695,179
7695,50
7695,293
7695,30
7695,31
7695,20
7695,169
7695,26
7695,160
61054,179
61054,120
61054,29
61054,20
61054,371
5281670,64
446925,492
446925,31
18818,66
18818,17
18818,204
18818,313
18818,12
18818,314
18818,210
18818,349
22310,23
22310,93
22310,493
22310,237
82336,73
82336,20
82336,192
1550846,494
1550846,495
1550846,238
1550846,364
1550846,195
5315912,29
5315912,30
5315912,31
5315912,113
5315912,195
7463,16
7463,66
7463,17
7463,28
7463,90
7463,12
7463,314
6877,60
6877,29
6877,163
6877,30
6877,421
6877,496
5363817,497
5363817,29
5363817,30
5363817,12
5363817,150
5363817,261
61325,119
61325,395
61325,47
61325,60
61325,30
61325,20
61325,138
61325,498
61325,465
61325,46
7852,235
5370052,113
5370052,17
7643,153
7643,29
7643,20
7643,85
7643,31
5280462,20
7410,156
7410,342
7410,30
7410,409
7410,26
7410,107
7410,116
7410,75
7410,173
7410,64
7410,315
5373729,18
5373729,29
5373729,30
5373729,12
5373729,150
5373729,31
5373729,261
61151,291
61151,162
61151,18
61151,29
61151,20
61151,114
61135,98
221691,74
221691,305
221691,153
221691,59
221691,30
221691,20
221691,22
522214,36
522214,33
522214,42
522214,30
522214,20
522214,150
522214,22
6450832,29
6450832,43
6450832,12
6450832,20
6558,99
6558,41
85522,104
85522,269
85522,47
85522,20
85522,150
85522,52
85522,14
85522,279
311,54
5367682,499
5367682,35
5367682,205
5367682,20
5367682,150
5367682,222
5367682,22
5352463,35
5352463,222
5352463,20
5352463,22
7438,500
7438,147
7438,501
7438,90
5365049,174
5365049,35
5365049,90
5365049,59
5365049,20
5365049,222
5365049,22
6432005,259
6432005,30
6432005,59
125468,119
125468,30
125468,12
125468,113
125468,211
61126,349
61126,90
61126,253
98497,174
98497,328
98497,18
98497,12
98497,22
5355856,98
12344,70
12344,42
12344,20
12344,102
31211,179
31211,189
31211,3
31211,30
31211,502
31211,12
31211,113
31211,87
9855795,98
5352162,35
5352162,73
5352162,74
5352162,59
5352162,42
5352162,70
5352162,39
5352162,30
5352162,20
5352162,150
5352162,192
5352162,239
5352162,22
145659,64
6508206,210
6508206,12
6826,73
6826,181
6826,360
6826,153
6826,60
6826,23
6826,30
6826,20
6826,421
6826,87
403919,27
11463,66
11463,90
11463,30
11463,12
11463,349
11463,32
6616,455
6616,12
6616,18
6616,237
10106,142
10106,17
10106,22
10106,314
10106,147
10106,349
10106,237
6918391,259
6918391,18
6918391,90
6918391,59
6918391,165
5281680,64
235284,64
26049,65
26049,66
26049,30
26049,230
7461,65
7461,28
7461,150
7461,314
7461,313
7461,18
7461,12
7461,64
7461,42
7461,94
1119,64
7439,198
7439,296
7439,357
7439,503
7439,147
5320250,66
5320250,117
5320250,165
5320250,29
5320250,30
5320250,173
326240,64
288227,180
288227,66
288227,73
288227,504
288227,97
288227,90
288227,42
288227,211
288227,30
288227,12
288227,22
5281535,98
5281534,91
5281534,66
5281534,73
92138,30
92138,210
92138,12
92138,22
20797,456
20797,66
20797,316
20797,12
20797,97
72344,64
16800,176
16800,204
16800,69
16800,18
16800,70
16800,46
16800,22
4453,141
4453,505
5281607,64
5354882,74
5354882,18
5354882,20
5354882,166
5354882,303
5354882,22
1268142,98
66654,237
66654,348
17868,210
17868,12
17868,165
17868,22
11744854,31
11744854,27
93081,20
93081,66
93081,39
16441,198
16441,17
16441,69
16441,18
16441,90
16441,42
16441,70
16441,30
16441,169
16441,148
16441,364
16441,22
8835,74
8835,59
8835,29
8835,39
8835,30
8835,20
8835,150
8835,166
8835,22
12391,483
12391,59
440917,198
440917,65
440917,66
440917,73
440917,90
440917,30
228769,117
228769,62
228769,74
228769,29
228769,85
62350,98
61780,18
61780,113
5281697,64
6432404,210
6428986,210
6428986,303
6428986,12
6428986,117
86609,259
86609,18
86609,59
86609,165
61098,74
61098,90
61098,12
61098,220
61098,61
61098,374
3819217,64
12389,483
12389,59
12389,62
11168,123
8042,42
8042,70
8042,0
8042,195
12405,483
12405,59
1140,194
1140,30
5364409,36
5364409,70
5364409,43
5364409,20
5364409,22
6432254,29
6432254,173
11142,198
11142,506
7650,158
7650,55
7650,171
7650,82
7650,276
7650,284
7650,90
7650,464
7650,293
7650,20
7650,222
7650,102
5541,150
5541,62
5541,64
5541,20
5541,299
6428573,29
6428573,43
6428573,30
6428573,12
6428573,173
12388,483
196,54
2346,361
2346,62
2346,42
2346,151
2346,298
2346,15
8698,27
8698,328
8698,62
8698,20
8698,31
11006,483
7237,166
8182,483
31210,74
31210,139
31210,85
3102,158
3102,181
3102,276
3102,74
3102,31
3102,166
3102,58
16330,373
16330,115
16330,507
5364532,508
5364532,20
519845,36
519845,286
519845,42
519845,30
519845,12
519845,20
519845,256
5362782,43
5362782,30
5362782,509
33960,177
33960,335
33960,26
33960,59
33960,70
33960,50
33960,46
33960,160
5352428,158
5352428,59
5352428,70
5352428,30
5352428,50
5352428,20
5352428,21
78879,20
5364941,261
5364941,228
5364941,59
5364941,22
5367681,35
5367681,36
5367681,90
5367681,150
5367681,20
5367681,22
92794,64
5352973,18
5352973,59
5352973,299
5352973,126
5352973,288
5352973,22
61040,463
61040,66
61040,74
61040,22
61040,374
61040,18
61040,64
61040,20
5362592,70
5362592,222
5362592,228
5362592,22
5463904,35
5463904,59
5463904,20
5463904,222
5463904,22
5463485,98
17008,98
8821,373
8821,324
8821,20
8821,32
5366856,36
5366856,90
31266,36
31266,33
31266,510
31266,70
31266,30
31266,61
31266,20
31266,150
31266,288
263620,20
65425,108
65425,36
65425,134
65425,20
65425,102
7943,20
6420258,36
6420258,20
11593,263
11593,20
68148,121
68148,13
68148,15
68148,87
5352774,98
5323650,107
5323650,20
5323650,296
526152,20
12044,66
12044,36
12044,30
12044,20
12044,222
5352461,35
5352461,38
5352461,20
5352461,382
5352461,148
5352461,22
5366352,98
5365069,35
5365069,90
5365069,30
5365069,20
5365069,222
5365069,165
5365069,22
5281804,64
61362,147
61362,145
517827,511
517827,90
517827,29
517827,23
517827,273
517827,22
5281163,119
5281163,171
5281163,297
5281163,29
5281163,30
5281163,20
5281163,150
5281163,239
12578,12
12578,18
12578,113
10362,147
10362,501
10362,18
33637,117
33637,29
33637,43
33637,30
33637,25
33637,173
33637,172
7820,29
7820,30
7820,20
7820,22
5282110,98
5365909,98
6435866,103
6435866,365
61096,285
61096,29
61096,30
61096,20
61096,46
61096,239
61096,22
31219,35
31219,171
31219,82
31219,267
31219,284
31219,38
31219,226
31219,29
31219,30
31219,20
31219,31
102024,98
520455,23
520455,20
520455,59
520455,22
61334,251
61334,512
61334,119
61334,513
61334,132
61334,30
61334,272
61334,20
61334,150
61334,250
7778,158
7778,276
7778,74
7778,293
7778,85
7778,374
7778,260
5365991,226
5365991,90
5365991,30
5365991,20
5365991,239
5365991,22
778574,98
89306,313
89306,39
89306,12
89306,107
89306,240
89306,349
89306,237
5365992,98
8863,220
8863,514
8863,59
8863,22
61031,66
61031,515
61031,328
61031,244
61031,90
61031,59
61031,516
61031,71
61031,58
5367785,166
5367785,30
5367785,18
5367785,20
62321,171
62321,38
62321,30
62321,20
62321,374
62321,222
243783,20
243783,35
243783,36
5362830,64
5365982,171
5365982,285
5365982,74
5365982,90
5365982,59
5365982,29
5365982,64
5365982,20
5365982,150
5365982,22
17697,59
17697,90
86753,39
86753,18
86753,20
86753,165
62328,66
62328,166
62328,150
62328,517
62328,22
62328,18
62328,64
62367,147
62367,451
62367,314
62367,22
61781,147
61781,30
61781,20
61781,62
6430738,66
6430738,90
10856614,328
6428089,82
111037,66
111037,94
111037,259
111037,18
111037,30
111037,374
111037,240
111037,349
449290,22
3879,70
3879,58
7792,59
7792,66
7792,71
7792,23
7792,22
7792,92
7792,64
7792,518
14104,264
14104,12
14104,72
86597,113
86597,27
6436627,66
6436627,18
6436627,30
6436627,12
6436627,266
6436627,147
6436627,113
6436627,22
6370843,17
6370843,43
6370843,12
6370843,405
6370843,210
6370843,113
14257,483
8205,59
8205,90
8205,30
8205,299
8205,470
64685,12
64685,349
64685,237
8141,483
8141,28
521334,210
521334,12
89316,210
89316,12
527144,113
527144,117
527144,18
527144,39
527144,20
527144,165
330573,500
330573,501
519764,210
519764,12
519764,18
519764,20
7738,119
7738,139
7738,181
7738,179
7738,74
7738,200
7738,29
7738,30
7738,85
7738,342
7738,114
7738,173
125,177
125,64
125,30
125,20
125,26
8419,119
8419,179
8419,50
8419,30
8419,12
8419,169
8419,147
17029,98
31244,156
31244,342
31244,169
31244,181
31244,64
31244,179
31244,219
31244,116
31244,139
31244,31
31244,50
31244,147
31244,171
31244,30
31244,29
31244,198
31244,26
31244,195
20748,171
20748,36
20748,39
20748,252
20748,320
20748,20
20748,466
61808,269
61808,378
61808,48
61808,43
61808,39
61808,150
61808,22
67521,46
79828,123
79828,124
79828,108
79828,80
11002,74
11002,18
11002,519
11002,166
11002,148
11002,22
141850,29
141850,34
141850,150
141850,80
57501028,72
57501028,108
57501028,104
57501028,111
57501028,520
57501028,279
17121,18
17121,90
17121,42
17121,20
17121,240
17121,22
521873,123
521873,77
521873,34
521873,104
521873,24
61134,29
61134,74
97730,70
31353,521
31353,316
31353,522
31353,523
31353,220
31353,374
31353,515
7146,200
7146,19
7146,90
7146,29
7146,192
7146,114
7146,22
87793,29
87793,310
87793,20
87793,80
87793,22
162293,104
162293,43
162293,405
162293,25
162293,80
20995,70
20995,39
20995,30
20995,20
20995,365
138818,107
14109402,64
21712,98
85053,25
85053,22
8058,483
27458,40
27458,103
27458,204
27458,25
27458,22
31231,120
31231,30
31231,20
31231,31
31231,113
10231,210
10231,17
14525,43
14525,524
14525,237
14525,525
14525,18
14525,12
14525,64
7478,109
7478,30
7478,0
7478,526
159055,87
159055,147
159055,237
159055,15
159055,18
159055,12
159055,64
1201521,98
4276,27
4276,17
4276,117
4276,12
4276,31
1549040,219
107217,527
107217,66
107217,18
107217,90
107217,30
107217,349
10659,528
10659,0
443160,444
439250,183
439250,18
439250,146
439250,314
439250,349
16591,124
16591,111
16591,438
16591,22
520895,34
13367,34
13367,104
13367,124
13367,111
13367,438
10722,169
62434,124
62434,111
62434,438
62434,22
61926,124
61926,111
61926,50
61926,438
57370186,98
12514,25
12514,134
98280,104
98280,279
15654,48
15654,23
15654,11
15654,350
15654,25
66282,124
66282,111
66282,438
68960,22
16592,184
16592,111
16592,49
16592,135
16592,134
8118,124
8118,111
5319765,34
5319765,124
5319765,111
5319765,58
5319765,22
7041,154
7041,181
7041,27
7041,264
7041,78
7041,121
7041,12
7041,13
7041,87
25916,77
25916,104
25916,47
25916,11
25916,25
75552,170
75552,124
75552,111
11617,34
11617,124
11617,111
11617,151
11617,58
9793905,98
16590,124
16590,111
16590,58
16590,438
5462988,141
57357963,34
57357963,438
12377,72
12377,111
12377,134
12377,43
12377,22
16315,124
16315,111
16315,58
16315,22
31404,62
31404,179
31404,23
31404,237
31404,87
10451,104
10451,438
62375,153
62375,19
62375,29
62375,529
62375,20
62375,26
62375,22
5281617,64
5315594,18
5315594,165
91354,210
91354,12
442009,64
440967,375
440967,90
440967,22
440967,309
440967,12
440967,349
440967,211
522266,18
522266,43
522266,39
522266,20
522266,165
6448,469
6448,27
6448,17
6448,18
6448,90
6448,30
6448,12
6448,530
6448,349
6448,237
12305247,210
5322111,210
5322111,12
5322111,113
519662,210
519662,165
6431015,30
6431015,12
6431015,90
6431015,469
92221,527
92221,18
92221,90
92221,12
92221,237
94174,18
94174,30
94174,20
94174,150
94174,147
94174,22
324224,12
324224,18
324224,165
24434,54
261491,524
261491,64
11027,524
92116,31
92116,210
92116,27
169110,77
169110,531
169110,47
169110,383
169110,132
169110,25
169110,140
169110,133
169110,187
62897,25
62897,274
62897,139
62897,104
19603,335
19603,104
19603,70
19603,42
19603,25
19603,22
20861,30
20861,26
20861,64
20819,54
31492,119
31492,23
31492,210
31492,25
31492,22
8106,123
8106,72
8106,34
8106,104
8106,124
8106,69
8106,134
8106,70
8106,80
6421281,98
28906,25
28906,48
28906,80
28906,250
5916154,98
6430759,98
10902,134
62128,34
62128,104
62128,280
62128,45
62128,53
520144,98
13016,72
13016,104
13016,532
13016,533
13016,45
13016,53
524975,87
61955,35
61955,99
61955,36
61955,30
61955,150
61955,20
5370602,139
5370602,64
5370602,534
5370602,11
5370602,30
5370602,20
5370602,71
5370602,426
5370602,22
5282724,59
5282724,90
5282724,42
5282724,30
5282724,20
8077,124
8077,111
8077,286
8077,310
8077,535
61918,47
61918,49
61918,42
61918,43
61918,25
61918,140
61918,133
61918,187
62105,536
62105,111
62105,532
62105,334
62105,533
62105,45
17691,70
17691,30
17691,20
440968,375
440968,117
440968,19
440968,90
440968,349
12779,108
12779,34
12779,48
12779,58
12779,22
60998,139
60998,328
60998,29
60998,30
60998,85
529056,11
529056,104
529056,51
5362661,98
228548,190
228548,33
228548,64
228548,23
228548,25
84234,537
84234,107
84234,135
5429,64
578817,103
578817,43
578817,11
578817,23
61155,181
61155,17
61155,264
61155,189
61155,172
61155,30
61155,12
61155,211
7531,273
7531,74
7531,22
7531,304
7531,299
7531,29
7531,64
7531,42
60995,114
60995,46
60995,43
60995,22
60995,538
60995,305
60995,29
60995,64
5363269,98
19188,63
19188,30
6435914,98
10873,36
10873,427
10873,20
5281707,64
5986428,98
5377381,64
22383,34
22383,124
22383,111
22383,150
22383,22
5368103,34
6210220,12
6210220,18
6210220,17
6210220,195
529481,119
529481,72
529481,539
529481,39
529481,20
5362588,40
5362588,103
5362588,269
5362588,540
5362588,30
5362588,461
5362588,541
5362588,426
5362588,25
7929,32
91457,210
91457,22
69600,457
16741,151
16741,361
16741,64
16741,22
16741,542
7918,19
7918,216
155007,29
155007,200
176,63
176,107
176,19
176,216
521253,90
521253,19
521253,17
61007,543
61007,544
61007,74
61007,30
61007,20
61007,169
61007,545
61007,239
5352437,66
5352437,484
5352437,546
5352437,31
5352437,113
9015,87
9015,64
16724,500
16724,132
16724,17
30248,198
30248,547
30248,74
30248,29
30248,30
30248,147
30248,13
30248,15
30248,237
92139,165
61206,29
61206,50
61206,153
61206,20
61130,94
61130,17
61130,267
61130,204
61130,30
61130,160
61130,314
61130,237
61130,113
61130,195
16537,66
16537,29
16537,64
16537,20
16537,240
7136,188
7136,17
7136,189
7136,157
7136,90
7136,29
7136,12
7136,30
381152,147
381152,19
381152,87
8900,483
8900,33
8900,30
10819,70
10819,548
10819,549
10819,22
5355853,64
5280435,181
5280435,550
5280435,59
5280435,29
5280435,31
5280435,173
122485,165
443167,18
443167,165
443167,117
643915,113
7335,30
7335,20
7335,147
7335,501
7335,22
24832101,12
24832101,30
24832101,551
24832101,238
642376,552
642376,18
642376,266
61361,18
61361,266
173843,18
111274,198
111274,147
111274,90
86818,18
86818,113
102667,18
102667,12
102667,31
102667,349
102667,237
519361,18
519361,165
12072,198
12072,17
12072,18
12072,236
12072,147
12072,501
5317309,64
5363291,400
5363291,42
5363291,553
5363291,303
5363291,554
5363291,22
5018391,18
6987,198
6987,18
6987,90
6987,39
6987,30
6987,147
6987,15
6987,237
66093,31
66093,555
94217,199
94217,147
1742211,113
1742211,17
1742211,90
1742211,30
1742211,12
1742211,165
1742211,211
24473,117
24473,427
24473,18
24473,147
24473,501
34645,18
34645,90
34645,145
11467,200
11467,548
565690,98
10282,18
10282,165
10248,173
10248,17
7127,177
7127,30
7127,31
7127,347
7127,189
7127,158
7127,219
7127,23
7127,50
7127,188
7127,64
7127,42
7127,113
7127,139
7127,117
7127,239
7127,17
7127,276
7127,179
7127,38
7127,195
7127,90
7127,293
67179,29
67179,30
67179,240
67179,488
6552009,43
6552009,349
6552009,237
1549045,64
1549045,189
1549045,113
1549045,62
521332,328
521332,556
521332,30
521332,12
521332,31
521332,127
3473,107
325,113
325,165
325,18
325,86
325,500
325,170
325,210
325,364
287687,557
287687,62
92780,17
92780,18
92780,500
92780,12
92780,364
21159022,210
21159022,12
21159022,22
176983,12
176983,18
176983,313
176983,237
520440,98
6428458,226
6428458,30
6428458,31
6428458,169
6428458,195
7888,59
7888,29
7888,220
7888,30
7888,150
7888,228
7888,22
100031,147
100031,501
65575,558
65575,393
65575,30
65575,12
65575,211
94164,12
15094,17
15094,18
15094,12
15094,210
15094,165
61290,35
61290,283
61290,59
61290,29
61290,30
61290,20
61290,166
80790,174
80790,18
80790,113
313,98
101716,29
101716,74
5356544,259
5356544,29
5356544,62
638024,204
638024,3
521185,113
521185,43
521185,12
521185,405
442482,314
442482,15
61125,117
61125,244
61125,43
61125,12
61125,405
61125,113
27208,65
27208,66
27208,18
27208,90
27208,29
27208,30
27208,559
27208,165
11368078,18
11368078,113
107152,183
107152,27
107152,30
107152,12
107152,31
107152,210
11746218,17
11746218,244
11746218,43
11746218,405
11746218,113
667450,64
5281404,64
22833654,64
6919,54
5320722,111
5320722,34
5320722,279
5352460,35
5352460,38
5352460,59
5352460,60
5352460,222
5352460,22
7651,35
7651,36
7651,18
7651,30
7651,20
7966,121
7966,236
7966,237
527435,111
527435,34
237332,119
237332,59
237332,70
237332,23
237332,560
6430888,111
6430888,34
5366552,98
11240503,34
529388,98
61295,124
61295,111
61295,34
61295,22
35349,124
35349,111
35349,34
35349,22
53472027,98
98781,124
98781,111
98781,22
80046,124
80046,134
11094547,48
11094547,22
522458,34
12376292,9
12376292,427
12376292,310
12376292,20
12376292,22
656566,64
78160,108
78160,135
5399110,22
9601691,64
5364920,46
5364920,22
6911854,64
75263,184
75263,107
76922,107
76922,561
87436,151
87436,184
62351,151
62351,43
62351,48
62351,34
12146,23
12146,30
12146,20
12146,33
5610,62
5610,340
5610,80
5610,271
5610,279
5610,87
65724,266
65724,236
65724,237
5281544,64
7725,169
7725,238
7725,20
7725,87
62725,424
62725,401
62725,48
62725,49
62725,43
62725,562
62725,192
62725,58
62725,22
10452,16
10452,34
10452,124
10452,111
10452,337
10452,41
6428936,98
12105,476
12105,30
12105,20
12105,169
12105,87
519539,40
519539,204
519539,18
519539,22
222285,54
222285,505
62384,40
62384,47
62384,48
62384,43
62384,22
643950,173
8834,360
8834,59
8834,74
8834,22
8834,29
8834,64
8834,20
5363741,29
5363741,12
1711944,37
1711944,173
6028462,170
6028462,39
6028462,22
444212,269
444212,383
444212,48
444212,23
444212,211
22556,29
22556,66
22556,73
22556,20
34134,48
34134,22
34134,260
5362720,563
5362720,59
5362720,22
5362720,228
5362720,260
5362833,174
5362833,42
5362833,260
5362833,261
5362833,22
42011,98
5353545,64
5362792,564
5362792,563
5362792,59
5362792,90
5362792,260
5362792,228
5362792,299
5362792,22
5353547,64
743,54
178,565
643757,141
3033866,98
31408,66
31408,27
31408,18
31408,30
31408,349
641256,18
641256,23
641256,30
641256,25
641256,26
641256,22
61585,566
61585,3
61585,12
61585,208
61585,469
5365027,225
5365027,30
5365027,228
7958,36
7958,38
7958,20
7958,58
7958,22
641294,179
641294,29
641294,30
641294,169
641294,113
641294,195
6343,34
6343,20
11251,237
24619,54
519890,103
519890,35
519890,171
519890,20
519890,150
110968,98
5354833,66
5354833,69
5354833,59
5354833,70
5354833,260
5354833,71
5354833,96
5354833,22
5363896,181
5363896,74
5363896,30
5363896,11
5363896,25
6364,34
6364,111
6364,286
6364,310
6364,170
6364,80
448996,20
5367530,70
5367530,66
5367530,73
5367530,97
518856,25
518856,22
12365893,35
12365893,73
12365893,49
12365893,107
12365893,22
574068,72
574068,104
33135,40
33135,47
33135,204
33135,43
33135,404
33135,25
13572,98
5282184,98
61124,142
61124,12
61124,20
61124,127
61124,53
61124,237
62378,17
62378,567
62378,284
62378,18
62378,90
62378,484
62378,12
69415,22
78152,98
78151,98
95495,98
5366244,98
78120,19
78120,22
145386,98
6432469,147
69816,98
10812,98
79086,22
12581,98
887,190
12225100,98
7809,98
21587486,98
7962,98
10943,98
11523,98
15504,98
356,483
356,28
6344,98
14092,98
10281,98
15600,483
439570,198
439570,18
439570,30
439570,147
439570,501
7947,98
13621,98
12395,98
82229,43
82229,12
82229,18
82229,237
10104370,98
443162,29
443162,200
10680,64
86608,98
89421,64
44229138,258
44229138,30
44229138,20
262,111
262,39
262,50
262,20
262,263
4680,64
275196,64
6427087,69
6427087,59
6427087,70
6427087,166
6427087,282
6427087,22
1711945,98
2762759,98
6433214,147
6433214,18
6433214,113
7364,123
7364,34
61874,98
8907,42
8907,141
8907,69
107153,98
33934,98
82227,98
11586487,98
11830551,98
6428535,98
76319594,98
5281520,98
15801179,98
7975,64
7975,100
7964,98
5365710,98
7055,98
5281517,98
92313,98
26058,98
5281611,64
